"child_id","response_id","time","time_stamp","list","age","sex","lp","doe_catalan","doe_spanish","edu_parent"
"54531","872",1,2020-04-19,"bvq-short",31.6386036960986,"male","Monolingual",0.9,0.1,"University"
"54794","828",1,2020-04-15,"bvq-short",29.305954825462,"female","Monolingual",1,0,"University"
"54828","826",1,2020-06-11,"bvq-short",30.7843942505133,"male","Monolingual",1,0,"University"
"54881","1197",1,2020-06-03,"bvq-short",29.2073921971253,"female","Bilingual",0.5,0.5,"Complementary"
"54939","952",1,2020-05-08,"bvq-short",28.911704312115,"female","Bilingual",0.2,0.7,"University"
"54974","1051",1,2020-05-23,"bvq-short",29.2402464065708,"male","Bilingual",0.4,0.6,"Vocational"
"54978","940",1,2020-05-18,"bvq-short",28.9774127310062,"female","Monolingual",0.1,0.9,"University"
"55011","942",1,2020-05-18,"bvq-short",28.4517453798768,"male","Monolingual",0.2,0.8,"Vocational"
"55027","811",1,2020-04-13,"bvq-short",27.1375770020534,"male","Bilingual",0.6,0.3,"University"
"55056","950",1,2020-05-08,"bvq-short",27.9917864476386,"male","Monolingual",0.1,0.8,"University"
"55062","807",1,2020-04-15,"bvq-short",26.9075975359343,"female","Monolingual",0.15,0.85,"Vocational"
"55063","1095",1,2020-05-26,"bvq-short",28.3203285420945,"female","Bilingual",0.5,0.5,NA
"55064","1099",1,2020-05-26,"bvq-short",28.2874743326489,"male","Bilingual",0.6,0.3,"University"
"55080","1044",1,2020-06-01,"bvq-short",28.4517453798768,"female","Monolingual",0.8,0.2,"University"
"55103","1123",2,2020-05-30,"bvq-short",28.2874743326489,"male","Monolingual",0.8,0.2,"University"
"55129","796",1,2020-04-12,"bvq-short",26.5790554414784,"female","Monolingual",1,0,"University"
"55144","1151",1,2020-06-08,"bvq-short",28.35318275154,"male","Monolingual",1,0,"University"
"55146","1158",1,2020-05-28,"bvq-short",27.958932238193,"male","Bilingual",0.5,0.5,"University"
"55157","1270",1,2020-06-09,"bvq-short",28.2546201232033,"female","Monolingual",0.8,0.2,"University"
"55162","1271",1,2020-06-09,"bvq-short",28.2217659137577,"male","Monolingual",1,0,"University"
"55168","1071",1,2020-05-30,"bvq-short",27.7946611909651,"female","Bilingual",0.3,0.7,"University"
"55179","1272",1,2020-06-09,"bvq-short",28.0246406570842,"male","Monolingual",1,0,"University"
"55181","1273",1,2020-06-10,"bvq-short",28.0246406570842,"male","Monolingual",0.8,0.2,"University"
"55217","1064",1,2020-06-07,"bvq-short",27.6960985626283,"male","Bilingual",0.3,0.7,"University"
"55220","1192",1,2020-06-07,"bvq-short",28.1889117043121,"male","Bilingual",0.5,0.5,"University"
"55246","1122",1,2020-06-08,"bvq-short",28.0246406570842,"male","Bilingual",0.5,0.4,"University"
"55281","1062",1,2020-05-22,"bvq-short",27.006160164271,"male","Bilingual",0.7,0.3,"Vocational"
"55282","1063",1,2020-05-21,"bvq-short",26.9733059548255,"male","Bilingual",0.4,0.6,"Vocational"
"55300","779",1,2020-04-11,"bvq-short",25.3634496919918,"female","Monolingual",1,0,"University"
"55311","1114",1,2020-05-27,"bvq-short",26.8090349075975,"female","Bilingual",0.6,0.35,"University"
"55315","1184",1,2020-06-01,"bvq-short",26.9075975359343,"female","Bilingual",0.75,0.15,"University"
"55322","1060",1,2020-05-22,"bvq-short",26.5133470225873,"male","Monolingual",0,1,"Complementary"
"55332","1199",1,2020-06-03,"bvq-short",26.8747433264887,"female","Bilingual",0.4,0.5,"University"
"55336","1113",1,2020-05-28,"bvq-short",26.611909650924,"female","Bilingual",0.6,0.4,"University"
"55338","1289",1,2020-06-09,"bvq-short",27.006160164271,"male","Monolingual",1,0,"University"
"55352","1178",1,2020-05-30,"bvq-short",26.611909650924,"female","Bilingual",0.7,0.3,"University"
"55353","1177",1,2020-05-30,"bvq-short",26.5462012320329,"male","Monolingual",1,0,"Vocational"
"55373","1305",1,2020-06-19,"bvq-short",26.9733059548255,"male","Monolingual",0.8,0.2,"University"
"55387","768",1,2020-04-08,"bvq-short",24.6078028747433,"male","Bilingual",0.5,0.5,"University"
"55419","782",1,2020-04-13,"bvq-short",24.3449691991786,"male","Bilingual",0.6,0.4,"University"
"55424","1276",1,2020-06-21,"bvq-short",26.5462012320329,"male","Monolingual",0.9,0.1,"Complementary"
"55437","1068",1,2020-05-22,"bvq-short",25.4620123203285,"female","Monolingual",0.2,0.8,"Vocational"
"55448","776",1,2020-04-30,"bvq-short",24.7063655030801,NA,"Monolingual",0.05,0.85,"University"
"55451","1067",1,2020-05-24,"bvq-short",25.4620123203285,"female","Monolingual",0.1,0.9,"University"
"55465","1042",1,2020-05-31,"bvq-short",25.6262833675565,"male","Monolingual",0.2,0.8,NA
"55517","1229",1,2020-06-07,"bvq-short",25.4948665297741,"female","Monolingual",0.9,0.1,"University"
"55528","1230",1,2020-06-10,"bvq-short",25.4948665297741,"female","Monolingual",0.9,0.1,"University"
"55535","1277",1,2020-06-16,"bvq-short",28.2546201232033,"male","Monolingual",0.9,0.1,"University"
"55543","1340",1,2020-06-16,"bvq-short",25.5934291581109,"male","Bilingual",0.6,0.4,"University"
"55544","761",1,2020-04-11,"bvq-short",23.3921971252567,"male","Bilingual",0.7,0.3,"University"
"55552","1069",1,2020-05-22,"bvq-short",24.9363449691992,"female","Bilingual",0.3,0.65,"University"
"55572","1111",1,2020-05-29,"bvq-short",24.9691991786448,"female","Monolingual",0.8,0.2,"University"
"55576","1293",2,2020-06-11,"bvq-short",25.3634496919918,"male","Bilingual",0.3,0.7,"University"
"55586","1381",1,2020-07-09,"bvq-short",26.217659137577,"female","Monolingual",0.2,0.8,"University"
"55591","938",1,2020-05-18,"bvq-short",24.5092402464066,"male","Bilingual",0.3,0.7,"University"
"55623","1041",1,2020-05-24,"bvq-short",24.4435318275154,"male","Bilingual",0.5,0.5,"Primary"
"55643","1278",1,2020-06-10,"bvq-short",26.5462012320329,"male","Monolingual",1,0,"University"
"55658","1038",1,2020-05-20,"bvq-short",24.2135523613963,"female","Monolingual",0.02,0.98,"Vocational"
"55673","1189",1,2020-05-31,"bvq-short",24.4435318275154,"female","Monolingual",1,0,"University"
"55686","758",1,2020-04-08,"bvq-short",22.735112936345,"female","Bilingual",0.45,0.55,"University"
"55689","1131",1,2020-05-31,"bvq-short",25.6262833675565,"female","Bilingual",0.65,0.35,"University"
"55697","1117",1,2020-05-29,"bvq-short",24.2464065708419,"male","Monolingual",0.8,0.2,"University"
"55701","1335",1,2020-06-15,"bvq-short",24.8049281314168,"female","Bilingual",0.3,0.7,"University"
"55713","745",1,2020-04-09,"bvq-short",22.4722792607803,"female","Bilingual",0.25,0.75,"Vocational"
"55717","1297",2,2020-06-10,"bvq-short",24.5092402464066,"female","Bilingual",0.4,0.5,"University"
"55719","1185",1,2020-06-01,"bvq-short",24.1149897330595,"female","Monolingual",0.9,0.1,"University"
"55721","1336",1,2020-06-13,"bvq-short",24.5420944558522,"female","Bilingual",0.5,0.5,"University"
"55725","1186",1,2020-06-02,"bvq-short",24.1478439425051,"female","Bilingual",0.75,0.25,"University"
"55734","1337",1,2020-06-13,"bvq-short",24.476386036961,"female","Monolingual",0,0.9,"Vocational"
"55740","1232",1,2020-06-11,"bvq-short",24.3778234086242,"female","Bilingual",0.7,0.3,"University"
"55742","742",1,2020-04-08,"bvq-short",22.2422997946612,"male","Monolingual",0.2,0.8,"University"
"55746","753",1,2020-04-24,"bvq-short",22.735112936345,"male","Monolingual",0.8,0.2,"University"
"55753","1233",1,2020-06-09,"bvq-short",24.2792607802875,NA,"Bilingual",0.6,0.4,"Vocational"
"55754","1321",1,2020-06-16,"bvq-short",24.476386036961,"female","Bilingual",0.6,0.4,"University"
"55758","741",1,2020-04-13,"bvq-short",22.3408624229979,"female","Bilingual",0.5,0.5,"University"
"55760","1322",2,2020-06-23,"bvq-short",24.6406570841889,"male","Bilingual",0.5,0.5,"Secondary"
"55807","1234",1,2020-06-10,"bvq-short",23.8850102669405,"male","Monolingual",1,0,"University"
"55813","933",1,2020-05-07,"bvq-short",22.7679671457906,"female","Monolingual",0.8,0.1,"University"
"55816","1385",1,2020-07-01,"bvq-short",24.5749486652977,"male","Bilingual",0.4,0.6,"University"
"55819","1349",1,2020-07-01,"bvq-short",24.6078028747433,"male","Bilingual",0.45,0.5,"Vocational"
"55838","1236",1,2020-06-05,"bvq-short",23.6878850102669,"male","Monolingual",1,0,"University"
"55841","1237",1,2020-06-06,"bvq-short",23.6221765913758,"male","Monolingual",0.8,0.15,"University"
"55842","1280",2,2020-06-09,"bvq-short",23.6550308008214,"female","Bilingual",0.5,0.5,"University"
"55848","1080",2,2020-05-23,"bvq-short",23.0636550308008,"male","Bilingual",0.7,0.3,"Vocational"
"55849","1238",1,2020-06-07,"bvq-short",23.5564681724846,"male","Monolingual",0.9,0,"Complementary"
"55850","1086",1,2020-05-29,"bvq-short",23.2936344969199,"female","Bilingual",0.6,0.4,"University"
"55851","987",1,2020-05-14,"bvq-short",22.7679671457906,"male","Bilingual",0.7,0.3,"University"
"55856","1386",1,2020-07-02,"bvq-short",24.4106776180698,"male","Bilingual",0.3,0.7,"University"
"55863","1087",1,2020-05-31,"bvq-short",23.2279260780287,"male","Bilingual",0.4,0.6,"University"
"55872","980",1,2020-05-13,"bvq-short",22.5379876796715,"male","Monolingual",0.95,0.05,"University"
"55891","1031",1,2020-06-07,"bvq-short",23.2607802874743,"female","Monolingual",1,0,"University"
"55892","983",1,2020-05-15,"bvq-short",22.5379876796715,"female","Bilingual",0.6,0.35,"University"
"55897","978",1,2020-05-14,"bvq-short",22.3408624229979,"male","Bilingual",0.75,0.25,"Vocational"
"55898","1283",2,2020-06-10,"bvq-short",23.2936344969199,"male","Monolingual",0.8,0.2,"Vocational"
"55910","727",2,2020-04-10,"bvq-short",21.0924024640657,"male","Bilingual",0.5,0.5,"Vocational"
"55922","1085",2,2020-06-28,"bvq-short",23.8193018480493,"male","Bilingual",0.6,0.4,"Vocational"
"55928","1119",1,2020-06-02,"bvq-short",26.9404517453799,"male","Bilingual",0.4,0.6,"University"
"55940","1306",1,2020-06-16,"bvq-short",27.006160164271,"male","Bilingual",0.7,0.3,"University"
"55955","1032",2,2020-06-12,"bvq-short",23.0636550308008,"female","Monolingual",0.8,0.2,"University"
"55963","1286",1,2020-06-19,"bvq-short",23.1950718685832,"female","Bilingual",0.35,0.6,"University"
"55966","1075",2,2020-05-27,"bvq-short",22.4394250513347,"male","Bilingual",0.7,0.3,"University"
"55971","1030",2,2020-05-21,"bvq-short",22.2094455852156,"female","Monolingual",1,0,"University"
"55977","734",1,2020-06-08,"bvq-short",22.7679671457906,"female","Bilingual",0.6,0.4,"University"
"55979","1083",1,2020-05-24,"bvq-short",22.2751540041068,"female","Bilingual",0.6,0.3,"University"
"55995","1395",1,2020-07-13,"bvq-short",23.8850102669405,"female","Bilingual",0.3,0.6,"University"
"56001","1396",1,2020-07-09,"bvq-short",23.7207392197125,"male","Bilingual",0.7,0.3,"University"
"56026","925",1,2020-07-06,"bvq-short",23.4250513347023,NA,"Bilingual",0.6,0.4,"University"
"56030","921",1,2020-05-10,"bvq-short",21.5195071868583,"female","Bilingual",0.4,0.6,"University"
"56031","1241",2,2020-06-06,"bvq-short",22.4065708418891,"female","Bilingual",0.7,0.3,"University"
"56034","966",2,2020-05-11,"bvq-short",21.3223819301848,"male","Monolingual",1,0,"University"
"56039","720",1,2020-04-07,"bvq-short",20.1724845995893,"male","Bilingual",0.3,0.7,"Vocational"
"56046","1325",1,2020-07-06,"bvq-short",23.129363449692,"male","Monolingual",0.8,0.2,"University"
"56048","959",1,2020-06-01,"bvq-short",21.388090349076,"male","Bilingual",0.5,0.5,"University"
"56066","705",1,2020-05-24,"bvq-short",20.8952772073922,"male","Monolingual",0.85,0.15,"University"
"56069","923",1,2020-05-01,"bvq-short",20.1067761806982,"male","Bilingual",0.45,0.55,"University"
"56070","1400",2,2020-07-15,"bvq-short",22.5051334702259,NA,"Bilingual",0.5,0.5,"University"
"56074","1093",1,2020-05-26,"bvq-short",20.8624229979466,"male","Monolingual",0.8,0.2,"University"
"56079","917",1,2020-05-08,"bvq-short",20.3367556468172,"female","Monolingual",1,0,"Complementary"
"56084","965",1,2020-05-13,"bvq-short",20.3696098562628,"female","Bilingual",0.7,0.3,"Vocational"
"56085","1357",1,2020-06-28,"bvq-short",21.8480492813142,"male","Bilingual",0.3,0.7,"University"
"56089","961",1,2020-05-14,"bvq-short",20.3039014373717,"female","Monolingual",1,0,"University"
"56091","963",1,2020-05-12,"bvq-short",20.2710472279261,"female","Bilingual",0.6,0.4,"University"
"56093","714",1,2020-04-07,"bvq-short",19.1211498973306,"female","Bilingual",0.5,0.5,"University"
"56106","1391",1,2020-07-08,"bvq-short",22.0451745379877,"male","Bilingual",0.5,0.5,"University"
"56111","956",1,2020-05-27,"bvq-short",20.5995893223819,"female","Bilingual",0.5,0.4,"University"
"56126","710",1,2020-07-02,"bvq-short",21.8809034907598,"female","Bilingual",0.5,0.5,"University"
"56129","997",1,2020-05-30,"bvq-short",20.6324435318275,"male","Bilingual",0.3,0.7,"University"
"56132","713",1,2020-04-15,"bvq-short",19.3839835728953,"male","Bilingual",0.6,0.4,"University"
"56137","1017",1,2020-05-28,"bvq-short",20.3696098562628,"male","Bilingual",0.5,0.5,"University"
"56139","1358",1,2020-06-19,"bvq-short",21.1252566735113,"male","Bilingual",0.4,0.6,"University"
"56140","702",1,2020-04-01,"bvq-short",18.5297741273101,"male","Monolingual",0.1,0.9,"University"
"56144","721",2,2020-06-11,"bvq-short",22.2422997946612,"female","Monolingual",0.8,0.1,"Vocational"
"56150","1107",1,2020-06-04,"bvq-short",21.8480492813142,"female","Bilingual",0.6,0.4,"University"
"56156","964",2,2020-06-08,"bvq-short",21.9794661190965,"male","Monolingual",0.9,0.1,NA
"56180","1016",1,2020-05-31,"bvq-short",20.4024640657084,"male","Monolingual",1,0,"University"
"56181","1106",1,2020-05-26,"bvq-short",20.2710472279261,"male","Bilingual",0.5,0.5,"University"
"56187","1078",1,2020-05-26,"bvq-short",20.1724845995893,"male","Monolingual",1,0,"University"
"56201","1091",1,2020-06-02,"bvq-short",20.2710472279261,"female","Bilingual",0.25,0.75,"University"
"56210","1307",1,2020-07-13,"bvq-short",21.6180698151951,"male","Bilingual",0.3,0.7,"Secondary"
"56220","1014",1,2020-05-16,"bvq-short",19.64681724846,"male","Bilingual",0.6,0.4,"Vocational"
"56226","696",1,2020-04-14,"bvq-short",18.5954825462012,"female","Monolingual",0.9,0.1,"University"
"56229","1308",1,2020-06-10,"bvq-short",20.4681724845996,"female","Monolingual",0.2,0.8,"University"
"56234","1410",1,2020-07-13,"bvq-short",21.4537987679671,"male","Bilingual",0.4,0.6,"University"
"56237","1537",2,2020-11-22,"bvq-lockdown",25.7905544147844,"female","Monolingual",0,1,"University"
"56237","912",1,2020-05-06,"bvq-short",19.2197125256674,"female","Monolingual",0,1,"University"
"56315","1411",1,2020-07-14,"bvq-short",21.3223819301848,"male","Bilingual",0.3,0.7,"Vocational"
"56317","1022",1,2020-05-25,"bvq-short",19.7125256673511,"female","Bilingual",0.5,0.5,"University"
"56322","911",1,2020-05-07,"bvq-short",19.088295687885,"male","Bilingual",0.4,0.6,"Vocational"
"56331","1412",1,2020-07-13,"bvq-short",21.2566735112936,"female","Bilingual",0.6,0.4,"University"
"56332","1168",1,2020-05-28,"bvq-short",19.7125256673511,"female","Monolingual",0.1,0.9,"University"
"56334","1681",3,2021-05-02,"bvq-lockdown",30.7843942505133,"female","Monolingual",0.8,0.15,"University"
"56334","678",1,2020-04-01,"bvq-short",17.7741273100616,"female","Monolingual",1,0,"University"
"56343","1413",1,2020-07-14,"bvq-short",21.1581108829569,"female","Bilingual",0.5,0.5,"University"
"56344","1676",3,2021-04-21,"bvq-lockdown",30.4229979466119,"female","Monolingual",0.2,0.8,"University"
"56344","1575",2,2021-01-01,"bvq-lockdown",26.8090349075975,"female","Monolingual",0.2,0.8,"University"
"56344","1311",1,2020-06-14,"bvq-short",20.2053388090349,"female","Monolingual",0.2,0.8,"University"
"56346","1529",2,2020-11-25,"bvq-lockdown",25.5934291581109,"male","Monolingual",0.8,0.2,"University"
"56346","1138",1,2020-10-31,"bvq-short",24.7720739219713,"male","Monolingual",0.95,0.04,"University"
"56348","1150",1,2020-06-02,"bvq-short",19.6139630390144,"male","Monolingual",0.95,0.05,"Vocational"
"56352","1693",3,2021-05-08,"bvq-lockdown",30.7843942505133,"male","Bilingual",0.5,0.4,"University"
"56363","1550",2,2020-12-08,"bvq-lockdown",25.7577002053388,"female","Monolingual",0.95,0.05,"University"
"56366","1684",2,2021-04-29,"bvq-lockdown",30.4558521560575,"female","Bilingual",0.3,0.7,"University"
"56368","1414",1,2020-07-13,"bvq-short",20.829568788501,"male","Bilingual",0.5,0.5,"University"
"56371","1667",4,2021-03-22,"bvq-lockdown",29.1088295687885,"female","Monolingual",0.98,0.02,"University"
"56371","1567",3,2020-12-11,"bvq-lockdown",25.7905544147844,"female","Monolingual",0.95,0.05,"University"
"56371","1134",2,2020-05-28,"bvq-short",19.3182751540041,"female","Monolingual",0.85,0.15,"University"
"56374","1415",1,2020-07-14,"bvq-short",20.7638603696099,"female","Bilingual",0.4,0.6,"University"
"56381","1136",1,2020-05-28,"bvq-short",19.1540041067762,"male","Monolingual",1,0,"Vocational"
"56382","1540",2,2020-12-09,"bvq-lockdown",25.5605749486653,"female","Bilingual",0.5,0.5,"University"
"56382","946",1,2020-05-07,"bvq-short",18.4640657084189,"female","Monolingual",0,1,"Vocational"
"56383","698",1,2020-04-02,"bvq-short",17.2813141683778,"male","Monolingual",0.1,0.8,"Vocational"
"56388","681",1,2020-04-05,"bvq-short",17.3798767967146,"male","Monolingual",1,0,"University"
"56394","1162",1,2020-06-03,"bvq-short",19.2854209445585,"male","Monolingual",0.2,0.8,"University"
"56398","914",1,2020-05-07,"bvq-short",18.3983572895277,"female","Bilingual",0.4,0.6,"University"
"56399","1541",2,2020-11-30,"bvq-lockdown",25.1991786447639,"female","Monolingual",0.95,0.05,"University"
"56399","1004",1,2020-05-23,"bvq-short",18.9240246406571,"female","Monolingual",0.95,0.05,"University"
"56405","694",1,2020-04-02,"bvq-short",17.1827515400411,"male","Bilingual",0.6,0.3,"University"
"56415","1011",1,2020-06-16,"bvq-short",19.5482546201232,"male","Monolingual",1,0,"University"
"56431","1002",1,2020-05-17,"bvq-short",18.5626283367556,"female","Bilingual",0.75,0.25,"University"
"56444","1007",1,2020-05-20,"bvq-short",18.4312114989733,"female","Monolingual",0.8,0.2,"University"
"56450","1542",2,2020-11-26,"bvq-lockdown",24.6406570841889,"female","Bilingual",0.6,0.4,"University"
"56458","1175",2,2020-05-29,"bvq-short",18.5626283367556,"male","Bilingual",0.6,0.4,"Vocational"
"56464","691",1,2020-05-25,"bvq-short",18.4312114989733,"female","Monolingual",0.05,0.95,"University"
"56465","1551",2,2020-12-03,"bvq-lockdown",24.7720739219713,"male","Bilingual",0.3,0.7,"University"
"56465","1176",1,2020-07-01,"bvq-short",19.6796714579055,"male","Monolingual",0.2,0.8,"University"
"56470","679",1,2020-04-08,"bvq-short",16.8542094455852,"male","Monolingual",1,0,"University"
"56476","1313",1,2020-06-11,"bvq-short",18.8911704312115,"male","Bilingual",0.5,0.5,"No education"
"56477","692",1,2020-04-01,"bvq-short",16.5256673511294,"male","Bilingual",0.6,0.4,"University"
"56481","1314",1,2020-07-02,"bvq-short",19.5811088295688,"female","Monolingual",0.2,0.8,"Vocational"
"56485","729",1,2020-04-18,"bvq-short",20.829568788501,"female","Monolingual",0.8,0.2,"University"
"56514","808",1,2020-04-14,"bvq-short",27.006160164271,"female","Bilingual",0.75,0.25,"University"
"56517","1145",1,2020-05-30,"bvq-short",18.2669404517454,"female","Bilingual",0.5,0.5,"University"
"56518","701",1,2020-04-06,"bvq-short",16.4599589322382,"female","Bilingual",0.5,0.5,"University"
"56521","1543",2,2020-11-25,"bvq-lockdown",24.1478439425051,"female","Bilingual",0.25,0.75,"No education"
"56521","1316",1,2020-06-12,"bvq-short",18.694045174538,"female","Bilingual",0.65,0.35,"Vocational"
"56522","690",1,2020-04-02,"bvq-short",16.3285420944559,"male","Bilingual",0.4,0.6,"University"
"56523","1549",2,2020-11-26,"bvq-lockdown",24.082135523614,"male","Bilingual",0.5,0.4,"Vocational"
"56523","1160",1,2020-05-28,"bvq-short",18.1026694045175,"male","Bilingual",0.65,0.35,"Vocational"
"56527","680",1,2020-04-07,"bvq-short",16.3613963039014,"female","Monolingual",1,0,"University"
"56528","1569",2,2020-12-12,"bvq-lockdown",24.5420944558522,"male","Bilingual",0.7,0.3,"University"
"56528","700",1,2020-04-16,"bvq-short",16.6570841889117,"male","Bilingual",0.6,0.4,"University"
"56540","1159",1,2020-05-31,"bvq-short",18.1026694045175,"male","Bilingual",0.5,0.4,"University"
"56550","908",1,2020-05-12,"bvq-short",17.3141683778234,"female","Monolingual",0,1,"University"
"56559","1417",1,2020-07-16,"bvq-short",19.4168377823409,"male","Bilingual",0.4,0.6,"Vocational"
"56563","1001",1,2020-06-01,"bvq-short",17.8726899383984,"female","Bilingual",0.4,0.6,"Secondary"
"56570","906",1,2020-06-21,"bvq-short",18.4312114989733,"female","Bilingual",0.3,0.7,"University"
"56578","905",1,2020-06-29,"bvq-short",18.6283367556468,"female","Bilingual",0.4,0.6,"Vocational"
"56618","1419",1,2020-07-13,"bvq-short",18.7926078028747,"male","Bilingual",0.5,0.5,"Vocational"
"56620","904",1,2020-04-30,"bvq-short",16.3285420944559,"female","Bilingual",0.4,0.6,"Vocational"
"56622","991",1,2020-05-23,"bvq-short",17.0841889117043,"male","Monolingual",1,0,"University"
"56628","1217",1,2020-06-03,"bvq-short",16.9856262833676,"female","Bilingual",0.6,0.4,"Vocational"
"56632","1421",1,2020-07-13,"bvq-short",18.2669404517454,"female","Bilingual",0.7,0.3,"University"
"56635","1422",1,2020-07-23,"bvq-short",18.5626283367556,NA,"Monolingual",0.8,0.2,"University"
"56638","996",1,2020-05-31,"bvq-short",16.8542094455852,"female","Monolingual",1,0,"University"
"56684","995",1,2020-05-15,"bvq-short",16.1642710472279,"male","Monolingual",0.85,0.15,"University"
"56695","1426",1,2020-07-13,"bvq-short",17.9712525667351,"female","Bilingual",0.4,0.6,"University"
"56697","990",1,2020-05-14,"bvq-short",16.0328542094456,"female","Monolingual",0.9,0.1,"University"
"56701","992",1,2020-05-14,"bvq-short",16.1314168377823,"female","Bilingual",0.7,0.3,"University"
"56711","994",1,2020-05-14,"bvq-short",16.1642710472279,"female","Monolingual",1,0,"University"
"56712","677",1,2020-03-31,"bvq-short",14.6858316221766,"male","Bilingual",0.3,0.7,"University"
"56720","671",1,2020-04-02,"bvq-short",14.5544147843943,"female","Bilingual",0.75,0.25,"University"
"56721","686",1,2020-04-02,"bvq-short",14.5544147843943,"male","Monolingual",0.8,0.2,"University"
"56732","672",1,2020-03-31,"bvq-short",14.4558521560575,"male","Bilingual",0.7,0.3,"University"
"56741","1245",1,2020-06-07,"bvq-short",16.6899383983573,"female","Monolingual",0.85,0.05,"University"
"56749","670",1,2020-04-28,"bvq-short",15.2772073921971,"male","Monolingual",0.9,0,"University"
"56750","685",1,2020-05-09,"bvq-short",15.6386036960986,"female","Bilingual",0.4,0.6,"University"
"56755","897",1,2020-04-29,"bvq-short",15.3429158110883,"male","Bilingual",0.4,0.6,"University"
"56762","1636",3,2021-02-13,"bvq-lockdown",24.7720739219713,"female","Bilingual",0.7,0.3,"University"
"56766","1643",3,2021-02-23,"bvq-lockdown",25.1006160164271,"female","Monolingual",0.9,0.1,"University"
"56766","1525",2,2020-11-19,"bvq-lockdown",21.9466119096509,"female","Bilingual",0.7,0.3,"University"
"56766","674",1,2020-04-05,"bvq-short",14.4558521560575,"female","Bilingual",0.7,0.3,"University"
"56772","1526",1,2020-11-27,"bvq-lockdown",22.1108829568789,"female","Bilingual",0.5,0.5,"University"
"56788","1247",1,2020-06-06,"bvq-short",16.2628336755647,"female","Monolingual",0.8,0.2,"University"
"56809","890",1,2020-05-07,"bvq-short",15.211498973306,"female","Monolingual",0.05,0.95,"University"
"56823","1219",1,2020-06-17,"bvq-short",16.4599589322382,"female","Bilingual",0.3,0.7,"University"
"56824","1218",1,2020-06-03,"bvq-short",15.9671457905544,"female","Monolingual",0.2,0.8,"Secondary"
"56825","894",1,2020-04-30,"bvq-short",14.9158110882957,"female","Monolingual",0,1,"University"
"56826","1209",1,2020-06-04,"bvq-short",16.0328542094456,"female","Bilingual",0.3,0.7,"University"
"56827","970",1,2020-05-11,"bvq-short",15.2772073921971,"male","Monolingual",0.8,0.1,"University"
"56828","1220",1,2020-06-03,"bvq-short",16.0328542094456,"male","Monolingual",0.2,0.8,"Secondary"
"56829","900",1,2020-05-08,"bvq-short",15.1129363449692,"male","Monolingual",0.2,0.8,"Vocational"
"56859","982",1,2020-05-14,"bvq-short",15.2443531827515,"male","Monolingual",1,0,"University"
"56860","1033",1,2020-06-14,"bvq-short",16.2628336755647,"male","Bilingual",0.45,0.45,"University"
"56876","1514",2,2020-11-25,"bvq-lockdown",21.5852156057495,"female","Bilingual",0.75,0.25,"University"
"56876","650",1,2020-04-06,"bvq-short",13.9301848049281,"female","Bilingual",0.75,0.22,"University"
"56889","1034",1,2020-06-03,"bvq-short",15.7043121149897,"male","Bilingual",0.6,0.3,"University"
"56911","1511",2,2020-11-14,"bvq-lockdown",20.9609856262834,"male","Monolingual",0.85,0.15,"University"
"56911","945",1,2020-05-16,"bvq-short",14.9815195071869,"male","Monolingual",0.8,0.2,"University"
"56934","1225",1,2020-06-05,"bvq-short",15.2772073921971,"male","Bilingual",0.3,0.7,"University"
"56937","1739",4,2021-10-03,"bvq-lockdown",31.1786447638604,"female","Monolingual",1,0,"University"
"56937","1662",3,2021-03-20,"bvq-lockdown",24.7063655030801,"female","Monolingual",0.9,0,"University"
"56937","1510",2,2020-11-14,"bvq-lockdown",20.5667351129363,"female","Monolingual",0.95,0,"University"
"56937","655",1,2020-04-06,"bvq-short",13.2731006160164,"female","Monolingual",1,0,"University"
"56945","1019",1,2020-05-19,"bvq-short",14.6858316221766,"male","Bilingual",0.5,0.5,"University"
"56958","972",1,2020-05-21,"bvq-short",14.5872689938398,"male","Monolingual",0.8,0.2,"University"
"56970","651",1,2020-03-31,"bvq-short",12.7802874743326,"male","Monolingual",1,0,"University"
"56984","1563",2,2020-12-11,"bvq-lockdown",21.0595482546201,"male","Bilingual",0.7,0.3,"Vocational"
"56984","967",1,2020-06-16,"bvq-short",15.211498973306,"male","Bilingual",0.7,0.3,"Vocational"
"56985","1524",2,2020-11-15,"bvq-lockdown",20.1724845995893,"female","Monolingual",0.2,0.8,"University"
"56985","663",1,2020-03-30,"bvq-short",12.6160164271047,"female","Monolingual",0.05,0.95,"University"
"56986","999",1,2020-05-26,"bvq-short",14.4887063655031,"female","Monolingual",0.2,0.8,"Vocational"
"56995","649",1,2020-07-06,"bvq-short",15.8028747433265,"male","Monolingual",1,0,"University"
"57001","1263",1,2020-07-01,"bvq-short",15.6386036960986,"male","Monolingual",0.2,0.8,"Vocational"
"57008","666",1,2020-04-12,"bvq-short",12.9445585215606,"female","Monolingual",0.8,0.2,"University"
"57016","1224",1,2020-06-04,"bvq-short",14.652977412731,"female","Bilingual",0.5,0.5,"University"
"57028","1564",2,2020-12-05,"bvq-lockdown",20.5667351129363,"male","Bilingual",0.4,0.6,"University"
"57028","661",1,2020-03-31,"bvq-short",12.3860369609856,"male","Bilingual",0.4,0.6,"University"
"57032","1248",1,2020-06-07,"bvq-short",14.5872689938398,"male","Monolingual",1,0,"University"
"57035","884",1,2020-05-03,"bvq-short",13.3716632443532,"female","Monolingual",1,0,"University"
"57039","766",1,2020-04-20,"bvq-short",24.7720739219713,"female","Monolingual",0.8,0.2,"University"
"57047","1566",1,2020-12-06,"bvq-lockdown",20.435318275154,"male","Bilingual",0.7,0.3,"University"
"57050","1688",3,2021-04-30,"bvq-lockdown",25.1663244353183,"female","Bilingual",0.7,0.3,"University"
"57050","1573",2,2021-01-18,"bvq-lockdown",21.8151950718686,"female","Bilingual",0.7,0.3,"University"
"57055","652",1,2020-03-30,"bvq-short",12.1560574948665,"male","Bilingual",0.5,0.5,"Vocational"
"57059","1736",3,2021-10-03,"bvq-lockdown",30.258726899384,"female","Monolingual",0.2,0.8,"University"
"57059","1686",2,2021-05-02,"bvq-lockdown",25.1991786447639,"female","Monolingual",0.2,0.8,"University"
"57059","1562",1,2020-12-02,"bvq-lockdown",20.2381930184805,"female","Monolingual",0.2,0.8,"University"
"57060","1250",1,2020-06-06,"bvq-short",14.3572895277207,"female","Monolingual",1,0,"University"
"57074","1228",1,2020-06-04,"bvq-short",14.1273100616016,"female","Bilingual",0.3,0.7,"University"
"57079","883",1,2020-04-27,"bvq-short",12.8788501026694,"female","Bilingual",0.6,0.4,"Vocational"
"57092","1751",4,2021-10-21,"bvq-lockdown",30.6201232032854,"female","Monolingual",0.8,0.2,"University"
"57092","1690",3,2021-05-10,"bvq-lockdown",25.2320328542094,"female","Bilingual",0.7,0.3,"University"
"57092","1576",2,2020-12-23,"bvq-lockdown",20.6981519507187,"female","Bilingual",0.75,0.25,"University"
"57099","986",1,2020-06-13,"bvq-short",23.6550308008214,"male","Bilingual",0.7,0.3,"University"
"57118","887",1,2020-05-02,"bvq-short",12.8788501026694,"male","Monolingual",0.2,0.8,"University"
"57157","1744",4,2021-10-16,"bvq-lockdown",30.0287474332649,"male","Monolingual",0.95,0.03,"University"
"57157","1698",3,2021-05-26,"bvq-lockdown",25.3305954825462,"male","Monolingual",0.95,0,"University"
"57157","1574",2,2021-01-09,"bvq-lockdown",20.829568788501,"male","Monolingual",0.9,0.05,"University"
"57165","1714",3,2021-07-05,"bvq-lockdown",26.3490759753593,"male","Bilingual",0.25,0.75,"University"
"57165","1631",2,2021-02-20,"bvq-lockdown",21.9137577002053,"male","Bilingual",0.3,0.7,"University"
"57170","1254",1,2020-06-07,"bvq-short",13.4702258726899,"female","Monolingual",0.95,0,"University"
"57177","1748",4,2021-11-16,"bvq-lockdown",30.6201232032854,"male","Bilingual",0.7,0.2,"University"
"57177","1255",1,2020-06-07,"bvq-short",13.305954825462,"male","Bilingual",0.5,0.5,"University"
"57191","1256",1,2020-06-09,"bvq-short",13.1745379876797,NA,"Monolingual",0.8,0.2,"University"
"57205","1257",1,2020-06-06,"bvq-short",13.0431211498973,"male","Monolingual",0.8,0.2,"University"
"57226","1363",1,2020-06-30,"bvq-short",13.6016427104723,"male","Monolingual",1,0,"University"
"57227","1638",2,2021-02-14,"bvq-lockdown",21.1252566735113,"female","Monolingual",0.8,0.15,"University"
"57227","1364",1,2020-06-30,"bvq-short",13.6016427104723,"female","Monolingual",0.95,0.05,"University"
"57240","1772",3,2021-11-29,"bvq-lockdown",30.5544147843943,"male","Monolingual",0.8,0.2,"University"
"57240","1647",2,2021-02-21,"bvq-lockdown",21.3223819301848,"male","Monolingual",1,0,"University"
"57241","1730",2,2021-07-07,"bvq-lockdown",25.82340862423,"male","Bilingual",0.7,0.25,"University"
"57241","1629",1,2021-02-04,"bvq-lockdown",20.7967145790554,"male","Bilingual",0.7,0.3,"University"
"57243","1637",1,2021-03-05,"bvq-lockdown",21.6837782340862,"female","Monolingual",0.15,0.8,"University"
"57250","1708",3,2021-06-08,"bvq-lockdown",24.7063655030801,"female","Bilingual",0.7,0.2,"University"
"57250","1632",2,2021-02-06,"bvq-lockdown",20.6981519507187,"female","Bilingual",0.7,0.2,"University"
"57264","1640",2,2021-02-25,"bvq-lockdown",21.223819301848,"male","Bilingual",0.5,0.5,"University"
"57274","1710",3,2021-06-24,"bvq-lockdown",25.1006160164271,"female","Bilingual",0.7,0.27,"University"
"57274","1646",2,2021-02-21,"bvq-lockdown",21.0595482546201,"female","Bilingual",0.6,0.4,"University"
"57293","1773",5,2021-11-27,"bvq-lockdown",30.0287474332649,"male","Bilingual",0.65,0.35,"University"
"57293","1732",4,2021-07-24,"bvq-lockdown",25.8891170431211,"male","Bilingual",0.7,0.3,"University"
"57293","1651",3,2021-02-27,"bvq-lockdown",21.0595482546201,"male","Bilingual",0.7,0.3,"University"
"57296","1262",1,2020-06-05,"bvq-short",12.2874743326489,"female","Monolingual",1,0,"University"
"57321","1653",1,2021-03-07,"bvq-lockdown",21.1252566735113,"male","Bilingual",0.25,0.75,"University"
"57324","1639",1,2021-02-13,"bvq-lockdown",20.3367556468172,"male","Bilingual",0.5,0.5,"University"
"57336","1649",1,2021-03-13,"bvq-lockdown",21.1581108829569,"male","Bilingual",0.6,0.4,"University"
"57337","1770",2,2021-11-18,"bvq-lockdown",29.305954825462,"female","Bilingual",0.7,0.3,"University"
"57337","1644",1,2021-02-20,"bvq-lockdown",20.4024640657084,"female","Monolingual",0.8,0.2,"University"
"57340","1768",3,2021-11-17,"bvq-lockdown",29.2731006160164,"male","Bilingual",0.3,0.7,"Vocational"
"57340","1650",2,2021-02-27,"bvq-lockdown",20.6324435318275,"male","Monolingual",0.1,0.9,"Vocational"
"57349","1654",1,2021-03-08,"bvq-lockdown",21.223819301848,"male","Monolingual",0.1,0.9,"Vocational"
"57374","1642",1,2021-02-19,"bvq-lockdown",20.0739219712526,"female","Monolingual",0.1,0.8,"University"
"57427","1716",3,2021-07-06,"bvq-lockdown",26.1190965092402,"female","Bilingual",0.6,0.4,"University"
"57427","1630",2,2021-02-07,"bvq-lockdown",21.223819301848,"female","Bilingual",0.4,0.6,"University"
"57434","683",1,2020-04-01,"bvq-short",15.6714579055441,"female","Monolingual",1,0,"University"
"57436","1749",4,2021-10-17,"bvq-lockdown",30.7843942505133,"male","Bilingual",0.65,0.35,"University"
"57436","1692",3,2021-05-09,"bvq-lockdown",25.4948665297741,"male","Bilingual",0.6,0.4,"University"
"57436","1570",2,2020-12-15,"bvq-lockdown",20.7310061601643,"male","Bilingual",0.4,0.6,"University"
"57436","654",1,2020-04-15,"bvq-short",12.7145790554415,"male","Bilingual",0.3,0.7,"University"
"57464","1664",1,2021-03-15,"bvq-lockdown",20.1724845995893,"female","Bilingual",0.4,0.6,"University"
"57480","1786",3,2022-01-24,"bvq-lockdown",30.2915811088296,"female","Bilingual",0.7,0.3,"University"
"57480","1679",2,2021-04-24,"bvq-lockdown",21.2566735112936,"female","Bilingual",0.7,0.3,"University"
"57496","838",1,2020-06-11,"bvq-short",31.047227926078,"male","Monolingual",0.8,0.2,"Vocational"
"57534","1697",1,2021-05-17,"bvq-lockdown",21.4537987679671,"female","Monolingual",0.95,0.05,"University"
"57537","1808",3,2022-03-22,"bvq-lockdown",31.6386036960986,"male","Monolingual",1,0,"Vocational"
"57552","1705",1,2021-06-03,"bvq-lockdown",21.4866529774127,"male","Monolingual",1,0,"University"
"57559","1793",3,2022-02-01,"bvq-lockdown",29.305954825462,"female","Bilingual",0.4,0.6,"University"
"57559","1752",2,2021-10-26,"bvq-lockdown",26.0862422997947,"female","Bilingual",0.35,0.65,"University"
"57559","1700",1,2021-05-25,"bvq-lockdown",21.0266940451745,"female","Bilingual",0.35,0.65,"University"
"57566","1699",1,2021-05-26,"bvq-lockdown",21.0266940451745,"female","Bilingual",0.75,0.25,"University"
"57595","1721",1,2021-06-27,"bvq-lockdown",21.7494866529774,"male","Bilingual",0.5,0.5,"University"
"57597","1756",2,2021-10-24,"bvq-lockdown",25.5277207392197,"male","Bilingual",0.5,0.5,"Vocational"
"57597","1717",1,2021-06-20,"bvq-lockdown",21.388090349076,"male","Bilingual",0.4,0.6,"Vocational"
"57613","1787",3,2022-01-29,"bvq-lockdown",28.4188911704312,"male","Monolingual",1,0,"University"
"57613","1706",1,2021-06-08,"bvq-lockdown",20.6981519507187,"male","Monolingual",1,0,"University"
"57642","1826",3,2022-03-14,"bvq-lockdown",29.8316221765914,"male","Bilingual",0.5,0.48,"University"
"57642","1771",2,2021-11-23,"bvq-lockdown",26.1848049281314,"male","Bilingual",0.49,0.49,"University"
"57660","1720",1,2021-07-01,"bvq-lockdown",21.2566735112936,"male","Monolingual",1,0,"University"
"57666","1750",2,2021-11-17,"bvq-lockdown",26.2833675564682,"female","Monolingual",0.85,0.15,"University"
"57666","1709",1,2021-06-14,"bvq-lockdown",21.1581108829569,"female","Bilingual",0.3,0.7,"University"
"57670","1757",2,2021-10-28,"bvq-lockdown",25.0677618069815,"male","Bilingual",0.3,0.7,"Vocational"
"57670","1722",1,2021-06-29,"bvq-lockdown",21.0924024640657,"male","Bilingual",0.3,0.7,"Vocational"
"57684","1729",1,2021-07-06,"bvq-lockdown",21.0924024640657,"male","Bilingual",0.75,0.25,"University"
"57689","1713",1,2021-06-22,"bvq-lockdown",20.5338809034908,"male","Monolingual",1,0,"University"
"57694","1211",1,2020-06-03,"bvq-short",16.3613963039014,"male","Bilingual",0.6,0.4,"University"
"57695","1428",1,2020-07-13,"bvq-short",18.3655030800821,"female","Monolingual",0.8,0.2,"University"
"57707","1807",3,2022-03-15,"bvq-lockdown",29.1745379876797,"female","Bilingual",0.4,0.5,"University"
"57707","1718",1,2021-07-01,"bvq-lockdown",20.7310061601643,"female","Bilingual",0.5,0.4,"University"
"57709","1806",3,2022-03-14,"bvq-lockdown",29.1416837782341,"male","Bilingual",0.3,0.7,"University"
"57711","928",1,2020-04-30,"bvq-short",21.5852156057495,"female","Monolingual",0,0.9,"University"
"57725","1777",1,2021-12-11,"bvq-lockdown",25.8891170431211,"male","Monolingual",0.8,0.2,"University"
"57735","1774",1,2021-12-03,"bvq-lockdown",25.5934291581109,"female","Monolingual",0.8,0.2,"University"
"57741","1780",1,2021-12-20,"bvq-lockdown",26.0205338809035,"female","Monolingual",1,0,"University"
"57742","1759",2,2022-01-21,"bvq-lockdown",27.1047227926078,"female","Bilingual",0.6,0.3,"University"
"57810","770",1,2020-04-13,"bvq-short",12.517453798768,"male","Monolingual",1,0,"University"
"57839","1764",4,2021-11-16,"bvq-lockdown",29.4702258726899,"female","Monolingual",1,0,"University"
"57839","1727",3,2021-07-07,"bvq-lockdown",25.1334702258727,"female","Monolingual",1,0,"University"
"57839","1648",2,2021-02-26,"bvq-lockdown",20.829568788501,"female","Monolingual",1,0,"University"
"57839","1366",1,2020-07-03,"bvq-short",13.0102669404517,"female","Monolingual",1,0,"University"
"57885","1776",1,2021-12-04,"bvq-lockdown",24.870636550308,"female","Bilingual",0.6,0.4,"Complementary"
"57908","1860",4,2022-07-05,"bvq-lockdown",30.5872689938398,"female","Bilingual",0.6,0.4,"University"
"57908","1792",2,2022-02-12,"bvq-lockdown",25.8891170431211,"female","Bilingual",0.7,0.3,"University"
"57914","1846",2,2022-05-30,"bvq-lockdown",29.4045174537988,"male","Bilingual",0.7,0.3,"University"
"57914","1800",1,2022-03-17,"bvq-lockdown",26.9733059548255,"male","Monolingual",0.85,0.15,"University"
"57919","1856",2,2022-06-24,"bvq-lockdown",30.1601642710472,"female","Bilingual",0.6,0.4,"University"
"57919","1790",1,2022-01-31,"bvq-lockdown",25.429158110883,"female","Bilingual",0.6,0.4,"University"
"57943","1862",2,2022-07-02,"bvq-lockdown",30.3901437371663,"female","Monolingual",0.2,0.8,"University"
"58000","1852",2,2022-06-01,"bvq-lockdown",28.517453798768,"female","Bilingual",0.6,0.4,"University"
"58012","1797",1,2022-02-10,"bvq-lockdown",25.3305954825462,"male","Bilingual",0.6,0.4,"University"
"58034","1622",1,2021-01-28,"bvq-lockdown",12.0574948665298,"female","Monolingual",0.2,0.8,"University"
"58037","1623",1,2021-02-05,"bvq-lockdown",12.2874743326489,"female","Bilingual",0.25,0.75,"University"
"58048","1624",1,2021-02-02,"bvq-lockdown",12.4845995893224,"female","Bilingual",0.7,0.3,"University"
"58049","1811",3,2022-03-21,"bvq-lockdown",30.1601642710472,"male","Monolingual",0.8,0.15,"University"
"58049","1762",2,2021-11-24,"bvq-lockdown",26.3162217659138,"male","Monolingual",1,0,"University"
"58049","1724",1,2021-07-06,"bvq-lockdown",21.6837782340862,"male","Monolingual",1,0,"University"
"58067","1617",1,2021-02-15,"bvq-lockdown",12.35318275154,NA,"Bilingual",0.7,0.3,"Vocational"
"58068","1833",2,2022-04-09,"bvq-lockdown",26.1519507186858,"female","Bilingual",0.75,0.25,"University"
"58068","1615",1,2021-02-04,"bvq-lockdown",12.0574948665298,"female","Bilingual",0.7,0.3,"University"
"58088","1804",1,2022-03-17,"bvq-lockdown",25.1334702258727,"male","Bilingual",0.6,0.4,"Secondary"
"58128","1829",3,2022-03-17,"bvq-lockdown",24.8377823408624,"female","Bilingual",0.4,0.6,"University"
"58132","1828",1,2022-03-15,"bvq-lockdown",24.6406570841889,"female","Bilingual",0.6,0.35,"University"
"58139","1881",1,2022-10-08,"bvq-lockdown",31.4086242299795,"female","Monolingual",0.8,0.2,"University"
"58176","1884",2,2022-10-25,"bvq-lockdown",31.7043121149897,"male","Bilingual",0.25,0.75,"University"
"58190","1837",2,2022-04-03,"bvq-lockdown",24.8049281314168,"male","Bilingual",0.4,0.5,"University"
"58190","1782",1,2021-12-21,"bvq-lockdown",21.4209445585216,"male","Bilingual",0.4,0.5,"University"
"58197","717",1,2020-04-12,"bvq-short",12.4188911704312,"male","Bilingual",0.4,0.6,"University"
"58202","719",1,2020-04-06,"bvq-short",22.17659137577,"female","Monolingual",0,1,"University"
"58206","718",1,2020-04-23,"bvq-short",14.5872689938398,"female","Monolingual",0,1,"University"
"58214","771",1,2020-04-09,"bvq-short",23.4579055441478,"male","Bilingual",0.7,0.3,"Vocational"
"58217","772",1,2020-04-10,"bvq-short",25.1006160164271,"female","Monolingual",0.85,0.15,"Vocational"
"58228","873",1,2020-04-24,"bvq-short",28.7474332648871,"female","Bilingual",0.6,0.4,"University"
"58232","874",1,2020-04-26,"bvq-short",27.7289527720739,"female","Bilingual",0.3,0.7,"University"
"58265","1873",1,2022-10-09,"bvq-lockdown",29.305954825462,"male","Bilingual",0.6,0.4,"University"
"58276","1447",1,2020-11-10,"bvq-lockdown",26.2505133470226,"male","Monolingual",0,1,"University"
"58286","1796",1,2022-02-06,"bvq-lockdown",21.0595482546201,"male","Bilingual",0.4,0.55,"University"
"58298","1879",2,2022-10-08,"bvq-lockdown",29.3716632443532,"female","Monolingual",1,0,"University"
"58298","1848",1,2022-05-26,"bvq-lockdown",24.9363449691992,"female","Monolingual",0.9,0.1,"University"
"58304","1815",1,2022-03-02,"bvq-lockdown",24.7392197125257,"male","Bilingual",0.55,0.4,"University"
"58308","1859",1,2022-06-23,"bvq-lockdown",20.4681724845996,"female","Monolingual",0,1,"University"
"58328","1663",2,2021-03-26,"bvq-lockdown",21.4209445585216,"female","Monolingual",0.85,0.15,"University"
"58328","1451",1,2020-12-02,"bvq-lockdown",17.6755646817248,"female","Monolingual",0.8,0.2,"University"
"58333","1869",1,2022-06-28,"bvq-lockdown",20.6981519507187,"male","Bilingual",0.6,0.4,"University"
"58361","1863",1,2022-06-22,"bvq-lockdown",24.3778234086242,"male","Bilingual",0.25,0.75,"University"
"58372","1784",1,2022-01-08,"bvq-lockdown",24.5420944558522,"male","Bilingual",0.65,0.3,"University"
"58406","1794",1,2022-02-08,"bvq-lockdown",29.5687885010267,"female","Bilingual",0.4,0.55,"Vocational"
"58420","1875",1,2022-10-08,"bvq-lockdown",31.4086242299795,"female","Monolingual",0.95,0.05,"University"
"58435","1821",1,2022-04-21,"bvq-lockdown",21.2895277207392,"male","Bilingual",0.4,0.6,"University"
"58523","1836",1,2022-04-04,"bvq-lockdown",20.4024640657084,"male","Bilingual",0.3,0.7,"University"
"58551","1798",1,2022-03-20,"bvq-lockdown",22.1108829568789,"male","Bilingual",0.3,0.7,"Vocational"
"58681","1814",1,2022-02-28,"bvq-lockdown",21.3552361396304,"male","Bilingual",0.7,0.3,"University"
"58720","1835",1,2022-03-28,"bvq-lockdown",24.2792607802875,"female","Bilingual",0.7,0.3,"University"
"58724","1850",1,2022-05-26,"bvq-lockdown",25.264887063655,"female","Bilingual",0.6,0.35,"University"
"58725","1880",2,2022-10-07,"bvq-lockdown",24.7720739219713,"male","Bilingual",0.75,0.25,"University"
"58725","1844",1,2022-05-23,"bvq-lockdown",20.2710472279261,"male","Monolingual",0.9,0.1,"University"
"58746","1853",1,2022-06-01,"bvq-lockdown",20.6652977412731,"female","Monolingual",0.9,0.1,"University"
"58860","1795",1,2022-02-04,"bvq-lockdown",20.5338809034908,"male","Bilingual",0.7,0.25,"University"
"59175","1886",1,2022-10-31,"bvq-lockdown",20.4024640657084,"female","Bilingual",0.4,0.6,"University"
"59385","1885",1,2022-10-26,"bvq-lockdown",22.2422997946612,"male","Monolingual",0.95,0.05,"University"
"BL1318","1318",1,2020-06-12,"bvq-short",18.3326488706366,NA,"Monolingual",0.8,0.1,"University"
"BL1332","1332",1,2020-06-22,"bvq-short",31.9342915811088,NA,"Monolingual",0.8,0.1,NA
"BL1369","1369",1,2020-06-26,"bvq-short",18.4312114989733,NA,"Monolingual",0.2,0.8,"University"
"BL1370","1370",1,2020-06-22,"bvq-short",21.2566735112936,NA,"Monolingual",0.2,0.8,"University"
"BL1374","1374",1,2020-06-24,"bvq-short",19.7453798767967,NA,"Monolingual",0.8,0.2,"Vocational"
